Complaint_Type,District,Created_Date,Descriptor
Illegal Parking,QUEENS,2013-10-31 02:01:04,Commercial Overnight Parking
Illegal Parking,QUEENS,2013-10-30 23:20:57,Blocked Hydrant
Illegal Parking,QUEENS,2013-10-30 23:20:26,Posted Parking Sign Violation
Illegal Parking,QUEENS,2013-10-30 23:01:49,Commercial Overnight Parking
Illegal Parking,QUEENS,2013-10-30 22:33:28,Commercial Overnight Parking
Illegal Parking,QUEENS,2013-10-30 22:31:22,Commercial Overnight Parking
Illegal Parking,QUEENS,2013-10-30 21:46:18,Commercial Overnight Parking
Illegal Parking,QUEENS,2013-10-30 21:27:13,Blocked Sidewalk
Illegal Parking,QUEENS,2013-10-30 21:22:34,Commercial Overnight Parking
Illegal Parking,QUEENS,2013-10-30 21:10:54,Commercial Overnight Parking
Illegal Parking,QUEENS,2013-10-30 21:09:34,Posted Parking Sign Violation
Illegal Parking,QUEENS,2013-10-30 20:43:31,Blocked Hydrant
Illegal Parking,QUEENS,2013-10-30 20:38:18,Overnight Commercial Storage
Illegal Parking,QUEENS,2013-10-30 20:01:25,Blocked Sidewalk
Illegal Parking,QUEENS,2013-10-30 19:38:55,Detached Trailer
Illegal Parking,QUEENS,2013-10-30 19:34:15,Posted Parking Sign Violation
Illegal Parking,QUEENS,2013-10-30 19:24:29,Double Parked Blocking Vehicle
Illegal Parking,QUEENS,2013-10-30 19:12:19,Double Parked Blocking Traffic
Illegal Parking,QUEENS,2013-10-30 18:12:44,Posted Parking Sign Violation
Illegal Parking,QUEENS,2013-10-30 16:49:04,Posted Parking Sign Violation
Illegal Parking,QUEENS,2013-10-30 16:06:48,Posted Parking Sign Violation
Illegal Parking,QUEENS,2013-10-30 15:54:29,Blocked Hydrant
Illegal Parking,QUEENS,2013-10-30 15:48:04,Double Parked Blocking Traffic
Illegal Parking,QUEENS,2013-10-30 15:47:29,Blocked Hydrant
Illegal Parking,QUEENS,2013-10-30 15:28:54,Blocked Sidewalk
Illegal Parking,QUEENS,2013-10-30 13:53:42,Posted Parking Sign Violation
Illegal Parking,QUEENS,2013-10-30 13:37:46,Double Parked Blocking Vehicle
Illegal Parking,QUEENS,2013-10-30 13:14:41,Posted Parking Sign Violation
Illegal Parking,QUEENS,2013-10-30 11:10:47,Posted Parking Sign Violation
Illegal Parking,QUEENS,2013-10-30 10:01:12,Posted Parking Sign Violation
Illegal Parking,QUEENS,2013-10-30 09:45:51,Blocked Sidewalk
Illegal Parking,QUEENS,2013-10-30 09:45:01,Double Parked Blocking Vehicle
Illegal Parking,QUEENS,2013-10-30 09:42:55,Blocked Sidewalk
Illegal Parking,QUEENS,2013-10-30 09:25:59,Posted Parking Sign Violation
Illegal Parking,QUEENS,2013-10-30 09:18:06,Posted Parking Sign Violation
Illegal Parking,QUEENS,2013-10-30 09:16:03,Posted Parking Sign Violation
Illegal Parking,QUEENS,2013-10-30 09:02:47,Blocked Sidewalk
Illegal Parking,QUEENS,2013-10-30 08:28:16,Blocked Sidewalk
Illegal Parking,QUEENS,2013-10-30 08:26:29,Double Parked Blocking Vehicle
Illegal Parking,QUEENS,2013-10-30 01:17:31,Blocked Sidewalk
Illegal Parking,QUEENS,2013-10-30 00:34:03,Blocked Sidewalk
Illegal Parking,QUEENS,2013-10-30 00:02:41,Commercial Overnight Parking
Illegal Parking,QUEENS,2013-10-29 23:03:20,Blocked Sidewalk
Illegal Parking,QUEENS,2013-10-29 23:01:37,Blocked Hydrant
Illegal Parking,QUEENS,2013-10-29 23:01:12,Blocked Hydrant
Illegal Parking,QUEENS,2013-10-29 22:23:03,Posted Parking Sign Violation
Illegal Parking,QUEENS,2013-10-29 22:11:15,Commercial Overnight Parking
Illegal Parking,QUEENS,2013-10-29 21:52:08,Blocked Hydrant
Illegal Parking,QUEENS,2013-10-29 21:31:09,Posted Parking Sign Violation
Illegal Parking,QUEENS,2013-10-29 21:20:43,Commercial Overnight Parking
Illegal Parking,QUEENS,2013-10-29 21:18:47,Blocked Hydrant
Illegal Parking,QUEENS,2013-10-29 21:10:22,Posted Parking Sign Violation
Illegal Parking,QUEENS,2013-10-29 21:05:47,Commercial Overnight Parking
Illegal Parking,QUEENS,2013-10-29 21:05:21,Commercial Overnight Parking
Illegal Parking,QUEENS,2013-10-29 20:58:41,Commercial Overnight Parking
Illegal Parking,QUEENS,2013-10-29 20:15:13,Commercial Overnight Parking
Illegal Parking,QUEENS,2013-10-29 20:05:44,Blocked Sidewalk
Illegal Parking,QUEENS,2013-10-29 18:50:47,Commercial Overnight Parking
Illegal Parking,QUEENS,2013-10-29 18:47:46,Commercial Overnight Parking
Illegal Parking,QUEENS,2013-10-29 17:58:58,Blocked Sidewalk
Illegal Parking,QUEENS,2013-10-29 17:54:54,Blocked Sidewalk
Illegal Parking,QUEENS,2013-10-29 17:35:07,Blocked Hydrant
Illegal Parking,QUEENS,2013-10-29 14:30:03,Double Parked Blocking Traffic
Illegal Parking,QUEENS,2013-10-29 14:02:48,Detached Trailer
Illegal Parking,QUEENS,2013-10-29 13:21:08,Posted Parking Sign Violation
Illegal Parking,QUEENS,2013-10-29 13:19:49,Commercial Overnight Parking
Illegal Parking,QUEENS,2013-10-29 13:12:19,Unauthorized Bus Layover
Illegal Parking,QUEENS,2013-10-29 12:00:45,Blocked Sidewalk
Illegal Parking,QUEENS,2013-10-29 11:19:37,Overnight Commercial Storage
Illegal Parking,QUEENS,2013-10-29 10:48:54,Commercial Overnight Parking
Illegal Parking,QUEENS,2013-10-29 10:42:38,Posted Parking Sign Violation
Illegal Parking,QUEENS,2013-10-29 10:21:08,Blocked Hydrant
Illegal Parking,QUEENS,2013-10-29 09:26:30,Posted Parking Sign Violation
Illegal Parking,QUEENS,2013-10-29 09:14:50,Double Parked Blocking Vehicle
Illegal Parking,QUEENS,2013-10-29 09:13:14,Posted Parking Sign Violation
Illegal Parking,QUEENS,2013-10-29 00:27:44,Commercial Overnight Parking
Illegal Parking,QUEENS,2013-10-29 00:09:51,Detached Trailer
Illegal Parking,QUEENS,2013-10-28 23:47:57,Posted Parking Sign Violation
Illegal Parking,QUEENS,2013-10-28 22:58:45,Blocked Sidewalk
Illegal Parking,QUEENS,2013-10-28 22:46:49,Commercial Overnight Parking
Illegal Parking,QUEENS,2013-10-28 22:45:43,Blocked Hydrant
Illegal Parking,QUEENS,2013-10-28 22:04:23,Commercial Overnight Parking
Illegal Parking,QUEENS,2013-10-28 21:51:26,Commercial Overnight Parking
Illegal Parking,QUEENS,2013-10-28 21:20:58,Commercial Overnight Parking
Illegal Parking,QUEENS,2013-10-28 20:47:16,Commercial Overnight Parking
Illegal Parking,QUEENS,2013-10-28 19:51:04,Double Parked Blocking Traffic
Illegal Parking,QUEENS,2013-10-28 18:58:58,Commercial Overnight Parking
Illegal Parking,QUEENS,2013-10-28 17:49:58,Commercial Overnight Parking
Illegal Parking,QUEENS,2013-10-28 16:51:52,Commercial Overnight Parking
Illegal Parking,QUEENS,2013-10-28 16:25:51,Blocked Sidewalk
Illegal Parking,QUEENS,2013-10-28 16:15:08,Posted Parking Sign Violation
Illegal Parking,QUEENS,2013-10-28 16:10:06,Posted Parking Sign Violation
Illegal Parking,QUEENS,2013-10-28 15:59:40,Blocked Sidewalk
Illegal Parking,QUEENS,2013-10-28 15:55:12,Posted Parking Sign Violation
Illegal Parking,QUEENS,2013-10-28 15:49:26,Blocked Hydrant
Illegal Parking,QUEENS,2013-10-28 15:38:12,Posted Parking Sign Violation
Illegal Parking,QUEENS,2013-10-28 15:32:30,Blocked Hydrant
Illegal Parking,QUEENS,2013-10-28 14:43:38,Double Parked Blocking Traffic
Illegal Parking,QUEENS,2013-10-28 14:32:53,Double Parked Blocking Traffic
Illegal Parking,QUEENS,2013-10-28 13:46:42,Posted Parking Sign Violation
Illegal Parking,QUEENS,2013-10-28 13:29:35,Blocked Hydrant
Illegal Parking,QUEENS,2013-10-28 13:05:06,Posted Parking Sign Violation
Illegal Parking,QUEENS,2013-10-28 12:26:21,Posted Parking Sign Violation
Illegal Parking,QUEENS,2013-10-28 12:22:50,Posted Parking Sign Violation
Illegal Parking,QUEENS,2013-10-28 11:21:00,Blocked Sidewalk
Illegal Parking,QUEENS,2013-10-28 11:15:53,Double Parked Blocking Vehicle
Illegal Parking,QUEENS,2013-10-28 10:26:44,Blocked Sidewalk
Illegal Parking,QUEENS,2013-10-28 09:57:49,Posted Parking Sign Violation
Illegal Parking,QUEENS,2013-10-28 07:05:13,Posted Parking Sign Violation
Illegal Parking,QUEENS,2013-10-28 04:50:42,Blocked Hydrant
Illegal Parking,QUEENS,2013-10-28 03:35:40,Blocked Hydrant
Illegal Parking,QUEENS,2013-10-28 03:33:37,Posted Parking Sign Violation
Illegal Parking,QUEENS,2013-10-27 23:33:35,Commercial Overnight Parking
Illegal Parking,QUEENS,2013-10-27 22:20:37,Commercial Overnight Parking
Illegal Parking,QUEENS,2013-10-27 22:13:37,Commercial Overnight Parking
Illegal Parking,QUEENS,2013-10-27 22:08:35,Blocked Sidewalk
Illegal Parking,QUEENS,2013-10-27 21:09:01,Commercial Overnight Parking
Illegal Parking,QUEENS,2013-10-27 20:35:58,Commercial Overnight Parking
Illegal Parking,QUEENS,2013-10-27 19:56:39,Blocked Sidewalk
Illegal Parking,QUEENS,2013-10-27 19:52:41,Posted Parking Sign Violation
Illegal Parking,QUEENS,2013-10-27 19:50:36,Blocked Hydrant
Illegal Parking,QUEENS,2013-10-27 19:12:14,Double Parked Blocking Vehicle
Illegal Parking,QUEENS,2013-10-27 19:10:18,Double Parked Blocking Vehicle
Illegal Parking,QUEENS,2013-10-27 16:43:09,Commercial Overnight Parking
Illegal Parking,QUEENS,2013-10-27 15:29:12,Detached Trailer
Illegal Parking,QUEENS,2013-10-27 13:42:28,Commercial Overnight Parking
Illegal Parking,QUEENS,2013-10-27 13:00:08,Commercial Overnight Parking
Illegal Parking,QUEENS,2013-10-27 12:48:14,Blocked Hydrant
Illegal Parking,QUEENS,2013-10-27 12:25:38,Blocked Hydrant
Illegal Parking,QUEENS,2013-10-27 12:18:14,Double Parked Blocking Traffic
Illegal Parking,QUEENS,2013-10-27 12:12:38,Posted Parking Sign Violation
Illegal Parking,QUEENS,2013-10-27 12:09:05,Commercial Overnight Parking
Illegal Parking,QUEENS,2013-10-27 12:08:46,Double Parked Blocking Vehicle
Illegal Parking,QUEENS,2013-10-27 12:00:38,Double Parked Blocking Traffic
Illegal Parking,QUEENS,2013-10-27 11:45:26,Blocked Hydrant
Illegal Parking,QUEENS,2013-10-27 11:05:16,Blocked Hydrant
Illegal Parking,QUEENS,2013-10-27 11:04:37,Double Parked Blocking Vehicle
Illegal Parking,QUEENS,2013-10-27 10:39:07,Blocked Hydrant
Illegal Parking,QUEENS,2013-10-27 10:39:02,Blocked Hydrant
Illegal Parking,QUEENS,2013-10-27 09:28:34,Posted Parking Sign Violation
Illegal Parking,QUEENS,2013-10-27 09:12:59,Posted Parking Sign Violation
Illegal Parking,QUEENS,2013-10-27 08:45:24,Commercial Overnight Parking
Illegal Parking,QUEENS,2013-10-27 07:58:08,Blocked Hydrant
Illegal Parking,QUEENS,2013-10-27 05:01:35,Blocked Sidewalk
Illegal Parking,QUEENS,2013-10-27 01:49:26,Commercial Overnight Parking
Illegal Parking,QUEENS,2013-10-27 00:44:30,Overnight Commercial Storage
Illegal Parking,QUEENS,2013-10-27 00:31:12,Blocked Sidewalk
Illegal Parking,QUEENS,2013-10-26 22:25:46,Commercial Overnight Parking
Illegal Parking,QUEENS,2013-10-26 22:17:00,Commercial Overnight Parking
Illegal Parking,QUEENS,2013-10-26 22:13:21,Commercial Overnight Parking
Illegal Parking,QUEENS,2013-10-26 22:02:45,Overnight Commercial Storage
Illegal Parking,QUEENS,2013-10-26 21:59:02,Commercial Overnight Parking
Illegal Parking,QUEENS,2013-10-26 20:32:38,Overnight Commercial Storage
Illegal Parking,QUEENS,2013-10-26 17:17:48,Blocked Hydrant
Illegal Parking,QUEENS,2013-10-26 15:30:46,Commercial Overnight Parking
Illegal Parking,QUEENS,2013-10-26 15:29:20,Blocked Hydrant
Illegal Parking,QUEENS,2013-10-26 15:00:38,Commercial Overnight Parking
Illegal Parking,QUEENS,2013-10-26 14:21:59,Overnight Commercial Storage
Illegal Parking,QUEENS,2013-10-26 14:10:09,Posted Parking Sign Violation
Illegal Parking,QUEENS,2013-10-26 14:03:39,Blocked Hydrant
Illegal Parking,QUEENS,2013-10-26 13:35:43,Overnight Commercial Storage
Illegal Parking,QUEENS,2013-10-26 12:06:18,Blocked Sidewalk
Illegal Parking,QUEENS,2013-10-26 09:39:47,Commercial Overnight Parking
Illegal Parking,QUEENS,2013-10-26 08:46:13,Blocked Hydrant
Illegal Parking,QUEENS,2013-10-26 07:33:31,Posted Parking Sign Violation
Illegal Parking,QUEENS,2013-10-26 06:20:17,Blocked Hydrant
Illegal Parking,QUEENS,2013-10-26 03:07:37,Blocked Hydrant
Illegal Parking,QUEENS,2013-10-26 00:20:34,Blocked Hydrant
Illegal Parking,QUEENS,2013-10-26 00:12:20,Blocked Hydrant
Illegal Parking,QUEENS,2013-10-25 23:16:19,Overnight Commercial Storage
Illegal Parking,QUEENS,2013-10-25 23:11:36,Posted Parking Sign Violation
Illegal Parking,QUEENS,2013-10-25 22:28:40,Posted Parking Sign Violation
Illegal Parking,QUEENS,2013-10-25 22:24:52,Blocked Hydrant
Illegal Parking,QUEENS,2013-10-25 22:14:10,Commercial Overnight Parking
Illegal Parking,QUEENS,2013-10-25 21:57:49,Posted Parking Sign Violation
Illegal Parking,QUEENS,2013-10-25 21:31:03,Commercial Overnight Parking
Illegal Parking,QUEENS,2013-10-25 21:20:35,Unauthorized Bus Layover
Illegal Parking,QUEENS,2013-10-25 21:13:02,Commercial Overnight Parking
Illegal Parking,QUEENS,2013-10-25 20:31:33,Blocked Sidewalk
Illegal Parking,QUEENS,2013-10-25 20:16:00,Commercial Overnight Parking
Illegal Parking,QUEENS,2013-10-25 20:01:34,Commercial Overnight Parking
Illegal Parking,QUEENS,2013-10-25 19:46:05,Blocked Sidewalk
Illegal Parking,QUEENS,2013-10-25 19:01:00,Posted Parking Sign Violation
Illegal Parking,QUEENS,2013-10-25 17:43:18,Commercial Overnight Parking
Illegal Parking,QUEENS,2013-10-25 17:32:42,Posted Parking Sign Violation
Illegal Parking,QUEENS,2013-10-25 14:41:55,Commercial Overnight Parking
Illegal Parking,QUEENS,2013-10-25 14:36:56,Posted Parking Sign Violation
Illegal Parking,QUEENS,2013-10-25 14:07:39,Posted Parking Sign Violation
Illegal Parking,QUEENS,2013-10-25 13:21:06,Posted Parking Sign Violation
Illegal Parking,QUEENS,2013-10-25 13:20:05,Posted Parking Sign Violation
Illegal Parking,QUEENS,2013-10-25 12:57:15,Posted Parking Sign Violation
Illegal Parking,QUEENS,2013-10-25 12:15:40,Blocked Sidewalk
Illegal Parking,QUEENS,2013-10-25 12:02:52,Posted Parking Sign Violation
Illegal Parking,QUEENS,2013-10-25 11:51:17,Posted Parking Sign Violation
Illegal Parking,QUEENS,2013-10-25 09:23:15,Posted Parking Sign Violation
Illegal Parking,QUEENS,2013-10-25 09:03:34,Posted Parking Sign Violation
Illegal Parking,QUEENS,2013-10-25 09:02:16,Posted Parking Sign Violation
Illegal Parking,QUEENS,2013-10-25 08:51:03,Blocked Sidewalk
Illegal Parking,QUEENS,2013-10-25 08:40:23,Blocked Hydrant
Illegal Parking,QUEENS,2013-10-25 08:18:56,Posted Parking Sign Violation
Illegal Parking,QUEENS,2013-10-25 00:53:17,Commercial Overnight Parking
Illegal Parking,QUEENS,2013-10-25 00:01:35,Posted Parking Sign Violation
Illegal Parking,QUEENS,2013-10-24 22:45:56,Overnight Commercial Storage
Illegal Parking,QUEENS,2013-10-24 22:14:22,Commercial Overnight Parking
Illegal Parking,QUEENS,2013-10-24 21:55:07,Posted Parking Sign Violation
Illegal Parking,QUEENS,2013-10-24 21:21:11,Commercial Overnight Parking
Illegal Parking,QUEENS,2013-10-24 21:07:26,Commercial Overnight Parking
Illegal Parking,QUEENS,2013-10-24 20:26:02,Posted Parking Sign Violation
Illegal Parking,QUEENS,2013-10-24 20:08:27,Commercial Overnight Parking
Illegal Parking,QUEENS,2013-10-24 19:41:33,Blocked Hydrant
Illegal Parking,QUEENS,2013-10-24 19:38:30,Blocked Hydrant
Illegal Parking,QUEENS,2013-10-24 19:36:11,Blocked Hydrant
Illegal Parking,QUEENS,2013-10-24 19:28:00,Blocked Hydrant
Illegal Parking,QUEENS,2013-10-24 19:25:32,Blocked Hydrant
Illegal Parking,QUEENS,2013-10-24 19:20:20,Blocked Hydrant
Illegal Parking,QUEENS,2013-10-24 19:16:45,Blocked Hydrant
Illegal Parking,QUEENS,2013-10-24 19:14:04,Blocked Hydrant
Illegal Parking,QUEENS,2013-10-24 19:13:08,Blocked Sidewalk
Illegal Parking,QUEENS,2013-10-24 19:11:44,Blocked Hydrant
Illegal Parking,QUEENS,2013-10-24 19:09:50,Blocked Hydrant
Illegal Parking,QUEENS,2013-10-24 19:07:54,Blocked Hydrant
Illegal Parking,QUEENS,2013-10-24 18:54:07,Blocked Hydrant
Illegal Parking,QUEENS,2013-10-24 18:17:01,Commercial Overnight Parking
Illegal Parking,QUEENS,2013-10-24 15:22:08,Blocked Sidewalk
Illegal Parking,QUEENS,2013-10-24 14:42:37,Commercial Overnight Parking
Illegal Parking,QUEENS,2013-10-24 12:43:40,Posted Parking Sign Violation
Illegal Parking,QUEENS,2013-10-24 12:37:45,Posted Parking Sign Violation
Illegal Parking,QUEENS,2013-10-24 10:58:39,Commercial Overnight Parking
Illegal Parking,QUEENS,2013-10-24 10:12:57,Commercial Overnight Parking
Illegal Parking,QUEENS,2013-10-24 09:36:14,Double Parked Blocking Traffic
Illegal Parking,QUEENS,2013-10-24 08:45:31,Blocked Sidewalk
Illegal Parking,QUEENS,2013-10-24 08:00:38,Posted Parking Sign Violation
Illegal Parking,QUEENS,2013-10-24 06:04:23,Blocked Sidewalk
Illegal Parking,QUEENS,2013-10-24 04:57:25,Posted Parking Sign Violation
Illegal Parking,QUEENS,2013-10-24 04:08:59,Blocked Hydrant
Illegal Parking,QUEENS,2013-10-23 23:26:47,Blocked Hydrant
Illegal Parking,QUEENS,2013-10-23 23:18:30,Blocked Sidewalk
Illegal Parking,QUEENS,2013-10-23 23:09:50,Posted Parking Sign Violation
Illegal Parking,QUEENS,2013-10-23 23:00:19,Commercial Overnight Parking
Illegal Parking,QUEENS,2013-10-23 22:58:48,Commercial Overnight Parking
Illegal Parking,QUEENS,2013-10-23 21:14:56,Blocked Hydrant
Illegal Parking,QUEENS,2013-10-23 21:13:37,Overnight Commercial Storage
Illegal Parking,QUEENS,2013-10-23 20:37:16,Blocked Sidewalk
Illegal Parking,QUEENS,2013-10-23 19:51:02,Posted Parking Sign Violation
Illegal Parking,QUEENS,2013-10-23 19:32:09,Blocked Hydrant
Illegal Parking,QUEENS,2013-10-23 19:29:42,Blocked Sidewalk
Illegal Parking,QUEENS,2013-10-23 19:27:43,Blocked Hydrant
Illegal Parking,QUEENS,2013-10-23 19:25:09,Blocked Hydrant
Illegal Parking,QUEENS,2013-10-23 19:08:22,Blocked Hydrant
Illegal Parking,QUEENS,2013-10-23 18:13:08,Posted Parking Sign Violation
Illegal Parking,QUEENS,2013-10-23 18:12:04,Posted Parking Sign Violation
Illegal Parking,QUEENS,2013-10-23 18:08:16,Overnight Commercial Storage
Illegal Parking,QUEENS,2013-10-23 18:03:48,Blocked Hydrant
Illegal Parking,QUEENS,2013-10-23 17:55:07,Posted Parking Sign Violation
Illegal Parking,QUEENS,2013-10-23 17:50:03,Blocked Hydrant
Illegal Parking,QUEENS,2013-10-23 17:23:43,Overnight Commercial Storage
Illegal Parking,QUEENS,2013-10-23 15:37:05,Double Parked Blocking Traffic
Illegal Parking,QUEENS,2013-10-23 13:36:44,Posted Parking Sign Violation
Illegal Parking,QUEENS,2013-10-23 12:57:47,Double Parked Blocking Traffic
Illegal Parking,QUEENS,2013-10-23 12:52:55,Posted Parking Sign Violation
Illegal Parking,QUEENS,2013-10-23 12:51:48,Double Parked Blocking Traffic
Illegal Parking,QUEENS,2013-10-23 12:04:24,Commercial Overnight Parking
Illegal Parking,QUEENS,2013-10-23 11:59:18,Posted Parking Sign Violation
Illegal Parking,QUEENS,2013-10-23 11:53:14,Blocked Sidewalk
Illegal Parking,QUEENS,2013-10-23 11:39:55,Commercial Overnight Parking
Illegal Parking,QUEENS,2013-10-23 11:23:38,Overnight Commercial Storage
Illegal Parking,QUEENS,2013-10-23 11:14:05,Blocked Sidewalk
Illegal Parking,QUEENS,2013-10-23 10:41:03,Double Parked Blocking Traffic
Illegal Parking,QUEENS,2013-10-23 10:34:46,Posted Parking Sign Violation
Illegal Parking,QUEENS,2013-10-23 10:01:40,Posted Parking Sign Violation
Illegal Parking,QUEENS,2013-10-23 09:59:02,Double Parked Blocking Vehicle
Illegal Parking,QUEENS,2013-10-23 09:16:35,Posted Parking Sign Violation
Illegal Parking,QUEENS,2013-10-23 08:53:03,Double Parked Blocking Traffic
Illegal Parking,QUEENS,2013-10-23 08:06:57,Posted Parking Sign Violation
Illegal Parking,QUEENS,2013-10-23 01:39:15,Blocked Sidewalk
Illegal Parking,QUEENS,2013-10-23 00:32:59,Blocked Hydrant
Illegal Parking,QUEENS,2013-10-22 22:30:07,Posted Parking Sign Violation
Illegal Parking,QUEENS,2013-10-22 22:14:35,Commercial Overnight Parking
Illegal Parking,QUEENS,2013-10-22 21:57:32,Commercial Overnight Parking
Illegal Parking,QUEENS,2013-10-22 21:42:40,Blocked Sidewalk
Illegal Parking,QUEENS,2013-10-22 21:32:22,Commercial Overnight Parking
Illegal Parking,QUEENS,2013-10-22 21:21:50,Blocked Sidewalk
Illegal Parking,QUEENS,2013-10-22 21:19:42,Blocked Sidewalk
Illegal Parking,QUEENS,2013-10-22 20:19:12,Posted Parking Sign Violation
Illegal Parking,QUEENS,2013-10-22 19:52:47,Commercial Overnight Parking
Illegal Parking,QUEENS,2013-10-22 19:18:00,Posted Parking Sign Violation
Illegal Parking,QUEENS,2013-10-22 18:55:56,Commercial Overnight Parking
Illegal Parking,QUEENS,2013-10-22 18:50:37,Blocked Hydrant
Illegal Parking,QUEENS,2013-10-22 17:45:10,Commercial Overnight Parking
Illegal Parking,QUEENS,2013-10-22 17:16:51,Posted Parking Sign Violation
Illegal Parking,QUEENS,2013-10-22 17:14:31,Commercial Overnight Parking
Illegal Parking,QUEENS,2013-10-22 16:25:44,Posted Parking Sign Violation
Illegal Parking,QUEENS,2013-10-22 16:22:17,Blocked Sidewalk
Illegal Parking,QUEENS,2013-10-22 15:22:11,Posted Parking Sign Violation
Illegal Parking,QUEENS,2013-10-22 14:50:21,Posted Parking Sign Violation
Illegal Parking,QUEENS,2013-10-22 13:51:27,Posted Parking Sign Violation
Illegal Parking,QUEENS,2013-10-22 12:48:12,Blocked Sidewalk
Illegal Parking,QUEENS,2013-10-22 12:46:01,Posted Parking Sign Violation
Illegal Parking,QUEENS,2013-10-22 12:27:05,Posted Parking Sign Violation
Illegal Parking,QUEENS,2013-10-22 12:23:09,Posted Parking Sign Violation
Illegal Parking,QUEENS,2013-10-22 12:14:06,Blocked Hydrant
Illegal Parking,QUEENS,2013-10-22 12:03:55,Double Parked Blocking Traffic
Illegal Parking,QUEENS,2013-10-22 11:34:38,Blocked Sidewalk
Illegal Parking,QUEENS,2013-10-22 10:39:28,Posted Parking Sign Violation
Illegal Parking,QUEENS,2013-10-22 09:56:19,Blocked Sidewalk
Illegal Parking,QUEENS,2013-10-22 09:41:36,Posted Parking Sign Violation
Illegal Parking,QUEENS,2013-10-22 07:41:30,Double Parked Blocking Traffic
Illegal Parking,QUEENS,2013-10-22 07:21:17,Blocked Hydrant
Illegal Parking,QUEENS,2013-10-22 07:01:35,Blocked Hydrant
Illegal Parking,QUEENS,2013-10-22 06:47:02,Blocked Hydrant
Illegal Parking,QUEENS,2013-10-22 01:06:08,Commercial Overnight Parking
Illegal Parking,QUEENS,2013-10-22 00:06:10,Blocked Hydrant
Illegal Parking,QUEENS,2013-10-21 22:36:39,Blocked Hydrant
Illegal Parking,QUEENS,2013-10-21 22:28:20,Detached Trailer
Illegal Parking,QUEENS,2013-10-21 22:20:46,Commercial Overnight Parking
Illegal Parking,QUEENS,2013-10-21 22:06:53,Blocked Hydrant
Illegal Parking,QUEENS,2013-10-21 21:55:08,Posted Parking Sign Violation
Illegal Parking,QUEENS,2013-10-21 21:46:50,Blocked Hydrant
Illegal Parking,QUEENS,2013-10-21 21:11:56,Double Parked Blocking Vehicle
Illegal Parking,QUEENS,2013-10-21 21:03:34,Blocked Hydrant
Illegal Parking,QUEENS,2013-10-21 20:58:17,Commercial Overnight Parking
Illegal Parking,QUEENS,2013-10-21 20:43:42,Posted Parking Sign Violation
Illegal Parking,QUEENS,2013-10-21 19:59:04,Blocked Sidewalk
Illegal Parking,QUEENS,2013-10-21 19:44:40,Posted Parking Sign Violation
Illegal Parking,QUEENS,2013-10-21 19:43:58,Blocked Hydrant
Illegal Parking,QUEENS,2013-10-21 19:36:13,Commercial Overnight Parking
Illegal Parking,QUEENS,2013-10-21 19:30:20,Blocked Sidewalk
Illegal Parking,QUEENS,2013-10-21 19:17:08,Commercial Overnight Parking
Illegal Parking,QUEENS,2013-10-21 18:51:25,Blocked Sidewalk
Illegal Parking,QUEENS,2013-10-21 18:50:19,Double Parked Blocking Traffic
Illegal Parking,QUEENS,2013-10-21 18:13:34,Blocked Hydrant
Illegal Parking,QUEENS,2013-10-21 17:24:02,Commercial Overnight Parking
Illegal Parking,QUEENS,2013-10-21 15:51:17,Blocked Sidewalk
Illegal Parking,QUEENS,2013-10-21 15:47:52,Blocked Sidewalk
Illegal Parking,QUEENS,2013-10-21 15:28:44,Posted Parking Sign Violation
Illegal Parking,QUEENS,2013-10-21 15:14:51,Blocked Hydrant
Illegal Parking,QUEENS,2013-10-21 14:37:23,Posted Parking Sign Violation
Illegal Parking,QUEENS,2013-10-21 11:41:22,Double Parked Blocking Traffic
Illegal Parking,QUEENS,2013-10-21 10:44:10,Posted Parking Sign Violation
Illegal Parking,QUEENS,2013-10-21 10:19:41,Posted Parking Sign Violation
Illegal Parking,QUEENS,2013-10-21 10:09:53,Posted Parking Sign Violation
Illegal Parking,QUEENS,2013-10-21 09:29:43,Blocked Hydrant
Illegal Parking,QUEENS,2013-10-21 09:23:18,Overnight Commercial Storage
Illegal Parking,QUEENS,2013-10-21 09:03:49,Posted Parking Sign Violation
Illegal Parking,QUEENS,2013-10-21 08:34:08,Posted Parking Sign Violation
Illegal Parking,QUEENS,2013-10-21 07:43:35,Posted Parking Sign Violation
Illegal Parking,QUEENS,2013-10-21 07:10:03,Blocked Sidewalk
Illegal Parking,QUEENS,2013-10-21 05:59:16,Blocked Hydrant
Illegal Parking,QUEENS,2013-10-21 00:12:01,Blocked Hydrant
Illegal Parking,QUEENS,2013-10-20 22:46:01,Blocked Hydrant
Illegal Parking,QUEENS,2013-10-20 21:32:39,Blocked Hydrant
Illegal Parking,QUEENS,2013-10-20 21:29:18,Overnight Commercial Storage
Illegal Parking,QUEENS,2013-10-20 21:24:10,Posted Parking Sign Violation
Illegal Parking,QUEENS,2013-10-20 21:08:08,Commercial Overnight Parking
Illegal Parking,QUEENS,2013-10-20 20:55:19,Blocked Hydrant
Illegal Parking,QUEENS,2013-10-20 20:44:15,Commercial Overnight Parking
Illegal Parking,QUEENS,2013-10-20 20:26:26,Commercial Overnight Parking
Illegal Parking,QUEENS,2013-10-20 20:15:50,Blocked Hydrant
Illegal Parking,QUEENS,2013-10-20 20:10:22,Posted Parking Sign Violation
Illegal Parking,QUEENS,2013-10-20 20:06:26,Double Parked Blocking Traffic
Illegal Parking,QUEENS,2013-10-20 19:48:45,Blocked Sidewalk
Illegal Parking,QUEENS,2013-10-20 18:42:53,Blocked Hydrant
Illegal Parking,QUEENS,2013-10-20 17:53:22,Blocked Hydrant
Illegal Parking,QUEENS,2013-10-20 17:42:51,Double Parked Blocking Traffic
Illegal Parking,QUEENS,2013-10-20 17:40:35,Blocked Sidewalk
Illegal Parking,QUEENS,2013-10-20 17:01:43,Commercial Overnight Parking
Illegal Parking,QUEENS,2013-10-20 16:00:23,Blocked Sidewalk
Illegal Parking,QUEENS,2013-10-20 15:50:21,Posted Parking Sign Violation
Illegal Parking,QUEENS,2013-10-20 15:37:35,Blocked Hydrant
Illegal Parking,QUEENS,2013-10-20 15:29:55,Posted Parking Sign Violation
Illegal Parking,QUEENS,2013-10-20 13:50:30,Posted Parking Sign Violation
Illegal Parking,QUEENS,2013-10-20 13:22:22,Blocked Sidewalk
Illegal Parking,QUEENS,2013-10-20 13:15:42,Posted Parking Sign Violation
Illegal Parking,QUEENS,2013-10-20 12:59:01,Commercial Overnight Parking
Illegal Parking,QUEENS,2013-10-20 11:47:37,Commercial Overnight Parking
Illegal Parking,QUEENS,2013-10-20 11:24:54,Blocked Sidewalk
Illegal Parking,QUEENS,2013-10-20 10:21:57,Blocked Sidewalk
Illegal Parking,QUEENS,2013-10-20 10:14:22,Double Parked Blocking Vehicle
Illegal Parking,QUEENS,2013-10-20 09:33:24,Commercial Overnight Parking
Illegal Parking,QUEENS,2013-10-20 09:31:20,Commercial Overnight Parking
Illegal Parking,QUEENS,2013-10-20 08:09:27,Blocked Hydrant
Illegal Parking,QUEENS,2013-10-20 07:09:31,Commercial Overnight Parking
Illegal Parking,QUEENS,2013-10-20 07:07:41,Blocked Sidewalk
Illegal Parking,QUEENS,2013-10-20 01:13:18,Blocked Hydrant
Illegal Parking,QUEENS,2013-10-19 23:51:59,Blocked Hydrant
Illegal Parking,QUEENS,2013-10-19 23:30:44,Commercial Overnight Parking
Illegal Parking,QUEENS,2013-10-19 23:22:27,Double Parked Blocking Vehicle
Illegal Parking,QUEENS,2013-10-19 23:07:25,Commercial Overnight Parking
Illegal Parking,QUEENS,2013-10-19 23:03:13,Commercial Overnight Parking
Illegal Parking,QUEENS,2013-10-19 22:48:24,Double Parked Blocking Traffic
Illegal Parking,QUEENS,2013-10-19 22:42:41,Blocked Sidewalk
Illegal Parking,QUEENS,2013-10-19 22:31:18,Commercial Overnight Parking
Illegal Parking,QUEENS,2013-10-19 21:32:10,Blocked Sidewalk
Illegal Parking,QUEENS,2013-10-19 20:54:04,Commercial Overnight Parking
Illegal Parking,QUEENS,2013-10-19 20:05:34,Blocked Hydrant
Illegal Parking,QUEENS,2013-10-19 19:56:34,Blocked Sidewalk
Illegal Parking,QUEENS,2013-10-19 19:20:38,Blocked Sidewalk
Illegal Parking,QUEENS,2013-10-19 19:19:01,Double Parked Blocking Vehicle
Illegal Parking,QUEENS,2013-10-19 19:08:12,Posted Parking Sign Violation
Illegal Parking,QUEENS,2013-10-19 18:50:00,Blocked Sidewalk
Illegal Parking,QUEENS,2013-10-19 17:57:35,Double Parked Blocking Traffic
Illegal Parking,QUEENS,2013-10-19 17:49:13,Blocked Hydrant
Illegal Parking,QUEENS,2013-10-19 17:46:02,Commercial Overnight Parking
Illegal Parking,QUEENS,2013-10-19 17:15:48,Double Parked Blocking Traffic
Illegal Parking,QUEENS,2013-10-19 16:53:08,Blocked Hydrant
Illegal Parking,QUEENS,2013-10-19 16:20:22,Overnight Commercial Storage
Illegal Parking,QUEENS,2013-10-19 16:04:27,Posted Parking Sign Violation
Illegal Parking,QUEENS,2013-10-19 13:37:11,Blocked Sidewalk
Illegal Parking,QUEENS,2013-10-19 12:47:42,Double Parked Blocking Traffic
Illegal Parking,QUEENS,2013-10-19 12:22:19,Posted Parking Sign Violation
Illegal Parking,QUEENS,2013-10-19 10:31:12,Blocked Hydrant
Illegal Parking,QUEENS,2013-10-19 09:56:57,Double Parked Blocking Traffic
Illegal Parking,QUEENS,2013-10-19 09:32:07,Posted Parking Sign Violation
Illegal Parking,QUEENS,2013-10-19 09:19:45,Posted Parking Sign Violation
Illegal Parking,QUEENS,2013-10-19 09:01:25,Posted Parking Sign Violation
Illegal Parking,QUEENS,2013-10-19 08:02:35,Blocked Hydrant
Illegal Parking,QUEENS,2013-10-19 08:00:29,Posted Parking Sign Violation
Illegal Parking,QUEENS,2013-10-19 07:00:13,Blocked Hydrant
Illegal Parking,QUEENS,2013-10-19 02:51:12,Posted Parking Sign Violation
Illegal Parking,QUEENS,2013-10-19 02:51:06,Double Parked Blocking Traffic
Illegal Parking,QUEENS,2013-10-19 02:50:33,Blocked Hydrant
Illegal Parking,QUEENS,2013-10-18 23:15:27,Blocked Hydrant
Illegal Parking,QUEENS,2013-10-18 22:22:03,Commercial Overnight Parking
Illegal Parking,QUEENS,2013-10-18 21:33:24,Commercial Overnight Parking
Illegal Parking,QUEENS,2013-10-18 21:21:29,Blocked Hydrant
Illegal Parking,QUEENS,2013-10-18 21:01:15,Posted Parking Sign Violation
Illegal Parking,QUEENS,2013-10-18 20:52:54,Blocked Sidewalk
Illegal Parking,QUEENS,2013-10-18 20:41:45,Overnight Commercial Storage
Illegal Parking,QUEENS,2013-10-18 20:03:59,Blocked Hydrant
Illegal Parking,QUEENS,2013-10-18 19:29:40,Blocked Sidewalk
Illegal Parking,QUEENS,2013-10-18 16:56:29,Overnight Commercial Storage
Illegal Parking,QUEENS,2013-10-18 16:13:11,Posted Parking Sign Violation
Illegal Parking,QUEENS,2013-10-18 15:24:17,Posted Parking Sign Violation
Illegal Parking,QUEENS,2013-10-18 14:55:44,Double Parked Blocking Vehicle
Illegal Parking,QUEENS,2013-10-18 14:45:11,Double Parked Blocking Vehicle
Illegal Parking,QUEENS,2013-10-18 14:39:59,Blocked Sidewalk
Illegal Parking,QUEENS,2013-10-18 14:14:29,Posted Parking Sign Violation
Illegal Parking,QUEENS,2013-10-18 13:54:49,Blocked Sidewalk
Illegal Parking,QUEENS,2013-10-18 13:14:15,Blocked Sidewalk
Illegal Parking,QUEENS,2013-10-18 12:57:53,Blocked Hydrant
Illegal Parking,QUEENS,2013-10-18 12:48:49,Posted Parking Sign Violation
Illegal Parking,QUEENS,2013-10-18 11:55:07,Blocked Sidewalk
Illegal Parking,QUEENS,2013-10-18 10:23:02,Blocked Hydrant
Illegal Parking,QUEENS,2013-10-18 09:56:08,Double Parked Blocking Traffic
Illegal Parking,QUEENS,2013-10-18 08:50:54,Posted Parking Sign Violation
Illegal Parking,QUEENS,2013-10-18 07:28:49,Commercial Overnight Parking
Illegal Parking,QUEENS,2013-10-18 07:22:13,Blocked Hydrant
Illegal Parking,QUEENS,2013-10-18 04:14:01,Blocked Hydrant
Illegal Parking,QUEENS,2013-10-18 00:04:50,Commercial Overnight Parking
Illegal Parking,QUEENS,2013-10-17 23:35:50,Commercial Overnight Parking
Illegal Parking,QUEENS,2013-10-17 23:12:58,Blocked Sidewalk
Illegal Parking,QUEENS,2013-10-17 22:19:41,Blocked Hydrant
Illegal Parking,QUEENS,2013-10-17 22:19:33,Commercial Overnight Parking
Illegal Parking,QUEENS,2013-10-17 21:44:14,Blocked Hydrant
Illegal Parking,QUEENS,2013-10-17 21:29:26,Blocked Hydrant
Illegal Parking,QUEENS,2013-10-17 20:07:04,Posted Parking Sign Violation
Illegal Parking,QUEENS,2013-10-17 19:54:47,Blocked Sidewalk
Illegal Parking,QUEENS,2013-10-17 19:51:58,Double Parked Blocking Traffic
Illegal Parking,QUEENS,2013-10-17 19:35:28,Commercial Overnight Parking
Illegal Parking,QUEENS,2013-10-17 19:27:41,Blocked Sidewalk
Illegal Parking,QUEENS,2013-10-17 18:28:27,Posted Parking Sign Violation
Illegal Parking,QUEENS,2013-10-17 18:19:55,Blocked Sidewalk
Illegal Parking,QUEENS,2013-10-17 18:01:57,Blocked Hydrant
Illegal Parking,QUEENS,2013-10-17 17:59:13,Blocked Sidewalk
Illegal Parking,QUEENS,2013-10-17 16:54:35,Blocked Sidewalk
Illegal Parking,QUEENS,2013-10-17 16:29:12,Blocked Sidewalk
Illegal Parking,QUEENS,2013-10-17 16:22:25,Posted Parking Sign Violation
Illegal Parking,QUEENS,2013-10-17 16:13:54,Posted Parking Sign Violation
Illegal Parking,QUEENS,2013-10-17 15:22:44,Posted Parking Sign Violation
Illegal Parking,QUEENS,2013-10-17 15:01:31,Posted Parking Sign Violation
Illegal Parking,QUEENS,2013-10-17 14:11:53,Posted Parking Sign Violation
Illegal Parking,QUEENS,2013-10-17 14:06:16,Blocked Sidewalk
Illegal Parking,QUEENS,2013-10-17 12:21:18,Posted Parking Sign Violation
Illegal Parking,QUEENS,2013-10-17 12:11:32,Blocked Sidewalk
Illegal Parking,QUEENS,2013-10-17 12:02:36,Posted Parking Sign Violation
Illegal Parking,QUEENS,2013-10-17 11:58:38,Posted Parking Sign Violation
Illegal Parking,QUEENS,2013-10-17 11:45:50,Posted Parking Sign Violation
Illegal Parking,QUEENS,2013-10-17 11:36:45,Double Parked Blocking Traffic
Illegal Parking,QUEENS,2013-10-17 10:21:22,Blocked Sidewalk
Illegal Parking,QUEENS,2013-10-17 09:57:47,Posted Parking Sign Violation
Illegal Parking,QUEENS,2013-10-17 09:53:46,Posted Parking Sign Violation
Illegal Parking,QUEENS,2013-10-17 09:39:34,Double Parked Blocking Traffic
Illegal Parking,QUEENS,2013-10-17 09:33:05,Blocked Sidewalk
Illegal Parking,QUEENS,2013-10-17 09:23:59,Posted Parking Sign Violation
Illegal Parking,QUEENS,2013-10-17 09:03:02,Double Parked Blocking Traffic
Illegal Parking,QUEENS,2013-10-17 07:45:04,Commercial Overnight Parking
Illegal Parking,QUEENS,2013-10-17 07:37:07,Unauthorized Bus Layover
Illegal Parking,QUEENS,2013-10-17 07:26:25,Overnight Commercial Storage
Illegal Parking,QUEENS,2013-10-17 06:26:31,Posted Parking Sign Violation
Illegal Parking,QUEENS,2013-10-17 05:15:19,Commercial Overnight Parking
Illegal Parking,QUEENS,2013-10-17 02:40:23,Overnight Commercial Storage
Illegal Parking,QUEENS,2013-10-17 02:20:57,Blocked Hydrant
Illegal Parking,QUEENS,2013-10-17 01:31:23,Blocked Hydrant
Illegal Parking,QUEENS,2013-10-17 00:31:22,Blocked Hydrant
Illegal Parking,QUEENS,2013-10-17 00:13:58,Posted Parking Sign Violation
Illegal Parking,QUEENS,2013-10-16 23:18:42,Commercial Overnight Parking
Illegal Parking,QUEENS,2013-10-16 22:44:31,Blocked Sidewalk
Illegal Parking,QUEENS,2013-10-16 22:34:00,Overnight Commercial Storage
Illegal Parking,QUEENS,2013-10-16 22:20:44,Blocked Sidewalk
Illegal Parking,QUEENS,2013-10-16 21:45:08,Blocked Hydrant
Illegal Parking,QUEENS,2013-10-16 21:20:35,Commercial Overnight Parking
Illegal Parking,QUEENS,2013-10-16 20:17:58,Blocked Hydrant
Illegal Parking,QUEENS,2013-10-16 20:01:36,Blocked Hydrant
Illegal Parking,QUEENS,2013-10-16 19:48:50,Double Parked Blocking Traffic
Illegal Parking,QUEENS,2013-10-16 19:17:30,Double Parked Blocking Traffic
Illegal Parking,QUEENS,2013-10-16 18:27:22,Commercial Overnight Parking
Illegal Parking,QUEENS,2013-10-16 18:23:23,Blocked Sidewalk
Illegal Parking,QUEENS,2013-10-16 18:08:51,Double Parked Blocking Traffic
Illegal Parking,QUEENS,2013-10-16 17:40:31,Commercial Overnight Parking
Illegal Parking,QUEENS,2013-10-16 17:21:42,Blocked Sidewalk
Illegal Parking,QUEENS,2013-10-16 16:51:57,Posted Parking Sign Violation
Illegal Parking,QUEENS,2013-10-16 16:50:41,Commercial Overnight Parking
Illegal Parking,QUEENS,2013-10-16 15:54:56,Blocked Sidewalk
Illegal Parking,QUEENS,2013-10-16 15:40:48,Commercial Overnight Parking
Illegal Parking,QUEENS,2013-10-16 15:07:59,Posted Parking Sign Violation
Illegal Parking,QUEENS,2013-10-16 14:48:31,Double Parked Blocking Traffic
Illegal Parking,QUEENS,2013-10-16 13:58:33,Commercial Overnight Parking
Illegal Parking,QUEENS,2013-10-16 12:20:57,Blocked Sidewalk
Illegal Parking,QUEENS,2013-10-16 12:20:19,Posted Parking Sign Violation
Illegal Parking,QUEENS,2013-10-16 12:03:09,Posted Parking Sign Violation
Illegal Parking,QUEENS,2013-10-16 12:03:01,Commercial Overnight Parking
Illegal Parking,QUEENS,2013-10-16 12:01:04,Blocked Sidewalk
Illegal Parking,QUEENS,2013-10-16 11:40:28,Commercial Overnight Parking
Illegal Parking,QUEENS,2013-10-16 11:37:40,Double Parked Blocking Traffic
Illegal Parking,QUEENS,2013-10-16 11:21:05,Blocked Hydrant
Illegal Parking,QUEENS,2013-10-16 11:06:56,Blocked Sidewalk
Illegal Parking,QUEENS,2013-10-16 10:50:47,Posted Parking Sign Violation
Illegal Parking,QUEENS,2013-10-16 10:03:18,Unauthorized Bus Layover
Illegal Parking,QUEENS,2013-10-16 09:17:10,Posted Parking Sign Violation
Illegal Parking,QUEENS,2013-10-16 08:02:03,Double Parked Blocking Traffic
Illegal Parking,QUEENS,2013-10-16 07:55:31,Commercial Overnight Parking
Illegal Parking,QUEENS,2013-10-16 07:11:54,Posted Parking Sign Violation
Illegal Parking,QUEENS,2013-10-16 05:23:19,Blocked Hydrant
Illegal Parking,QUEENS,2013-10-16 02:59:05,Commercial Overnight Parking
Illegal Parking,QUEENS,2013-10-16 02:18:51,Blocked Sidewalk
Illegal Parking,QUEENS,2013-10-16 00:19:55,Posted Parking Sign Violation
Illegal Parking,QUEENS,2013-10-15 21:21:52,Posted Parking Sign Violation
Illegal Parking,QUEENS,2013-10-15 21:16:51,Blocked Hydrant
Illegal Parking,QUEENS,2013-10-15 21:10:41,Overnight Commercial Storage
Illegal Parking,QUEENS,2013-10-15 21:08:01,Blocked Hydrant
Illegal Parking,QUEENS,2013-10-15 20:24:55,Double Parked Blocking Traffic
Illegal Parking,QUEENS,2013-10-15 19:52:25,Blocked Hydrant
Illegal Parking,QUEENS,2013-10-15 19:33:59,Blocked Hydrant
Illegal Parking,QUEENS,2013-10-15 19:22:00,Commercial Overnight Parking
Illegal Parking,QUEENS,2013-10-15 18:59:39,Commercial Overnight Parking
Illegal Parking,QUEENS,2013-10-15 18:48:56,Blocked Hydrant
Illegal Parking,QUEENS,2013-10-15 18:47:25,Commercial Overnight Parking
Illegal Parking,QUEENS,2013-10-15 18:33:45,Blocked Sidewalk
Illegal Parking,QUEENS,2013-10-15 17:49:59,Blocked Hydrant
Illegal Parking,QUEENS,2013-10-15 17:18:10,Blocked Sidewalk
Illegal Parking,QUEENS,2013-10-15 17:13:29,Posted Parking Sign Violation
Illegal Parking,QUEENS,2013-10-15 16:23:04,Double Parked Blocking Traffic
Illegal Parking,QUEENS,2013-10-15 16:11:10,Posted Parking Sign Violation
Illegal Parking,QUEENS,2013-10-15 14:35:06,Blocked Sidewalk
Illegal Parking,QUEENS,2013-10-15 14:28:23,Posted Parking Sign Violation
Illegal Parking,QUEENS,2013-10-15 13:00:45,Blocked Sidewalk
Illegal Parking,QUEENS,2013-10-15 12:41:33,Blocked Sidewalk
Illegal Parking,QUEENS,2013-10-15 12:33:13,Blocked Sidewalk
Illegal Parking,QUEENS,2013-10-15 11:59:28,Posted Parking Sign Violation
Illegal Parking,QUEENS,2013-10-15 11:34:47,Posted Parking Sign Violation
Illegal Parking,QUEENS,2013-10-15 10:35:43,Posted Parking Sign Violation
Illegal Parking,QUEENS,2013-10-15 09:52:01,Overnight Commercial Storage
Illegal Parking,QUEENS,2013-10-15 09:49:41,Overnight Commercial Storage
Illegal Parking,QUEENS,2013-10-15 09:44:55,Blocked Sidewalk
Illegal Parking,QUEENS,2013-10-15 09:27:48,Blocked Sidewalk
Illegal Parking,QUEENS,2013-10-15 09:18:40,Double Parked Blocking Vehicle
Illegal Parking,QUEENS,2013-10-15 09:13:16,Blocked Hydrant
Illegal Parking,QUEENS,2013-10-15 08:50:07,Posted Parking Sign Violation
Illegal Parking,QUEENS,2013-10-15 08:46:42,Commercial Overnight Parking
Illegal Parking,QUEENS,2013-10-15 08:44:37,Double Parked Blocking Traffic
Illegal Parking,QUEENS,2013-10-15 08:37:55,Double Parked Blocking Traffic
Illegal Parking,QUEENS,2013-10-15 08:13:26,Blocked Sidewalk
Illegal Parking,QUEENS,2013-10-15 07:49:00,Posted Parking Sign Violation
Illegal Parking,QUEENS,2013-10-15 07:36:20,Blocked Hydrant
Illegal Parking,QUEENS,2013-10-15 07:22:34,Posted Parking Sign Violation
Illegal Parking,QUEENS,2013-10-15 07:01:06,Double Parked Blocking Traffic
Illegal Parking,QUEENS,2013-10-15 06:57:19,Double Parked Blocking Traffic
Illegal Parking,QUEENS,2013-10-15 05:50:22,Double Parked Blocking Traffic
Illegal Parking,QUEENS,2013-10-15 00:37:58,Commercial Overnight Parking
Illegal Parking,QUEENS,2013-10-15 00:28:47,Commercial Overnight Parking
Illegal Parking,QUEENS,2013-10-14 22:49:28,Blocked Hydrant
Illegal Parking,QUEENS,2013-10-14 22:48:51,Overnight Commercial Storage
Illegal Parking,QUEENS,2013-10-14 22:40:21,Overnight Commercial Storage
Illegal Parking,QUEENS,2013-10-14 21:50:22,Blocked Sidewalk
Illegal Parking,QUEENS,2013-10-14 21:09:23,Blocked Sidewalk
Illegal Parking,QUEENS,2013-10-14 20:28:01,Posted Parking Sign Violation
Illegal Parking,QUEENS,2013-10-14 19:47:42,Posted Parking Sign Violation
Illegal Parking,QUEENS,2013-10-14 19:30:36,Double Parked Blocking Traffic
Illegal Parking,QUEENS,2013-10-14 19:26:27,Blocked Hydrant
Illegal Parking,QUEENS,2013-10-14 19:23:45,Commercial Overnight Parking
Illegal Parking,QUEENS,2013-10-14 19:13:26,Blocked Hydrant
Illegal Parking,QUEENS,2013-10-14 18:53:21,Posted Parking Sign Violation
Illegal Parking,QUEENS,2013-10-14 17:31:34,Posted Parking Sign Violation
Illegal Parking,QUEENS,2013-10-14 16:22:32,Posted Parking Sign Violation
Illegal Parking,QUEENS,2013-10-14 15:34:52,Overnight Commercial Storage
Illegal Parking,QUEENS,2013-10-14 15:24:32,Blocked Sidewalk
Illegal Parking,QUEENS,2013-10-14 15:05:57,Blocked Sidewalk
Illegal Parking,QUEENS,2013-10-14 14:33:42,Blocked Sidewalk
Illegal Parking,QUEENS,2013-10-14 14:19:33,Blocked Sidewalk
Illegal Parking,QUEENS,2013-10-14 13:43:52,Blocked Sidewalk
Illegal Parking,QUEENS,2013-10-14 12:23:59,Blocked Sidewalk
Illegal Parking,QUEENS,2013-10-14 12:20:27,Commercial Overnight Parking
Illegal Parking,QUEENS,2013-10-14 10:42:51,Posted Parking Sign Violation
Illegal Parking,QUEENS,2013-10-14 10:13:39,Posted Parking Sign Violation
Illegal Parking,QUEENS,2013-10-14 09:33:59,Commercial Overnight Parking
Illegal Parking,QUEENS,2013-10-14 08:55:27,Posted Parking Sign Violation
Illegal Parking,QUEENS,2013-10-14 08:24:10,Overnight Commercial Storage
Illegal Parking,QUEENS,2013-10-14 06:00:22,Posted Parking Sign Violation
Illegal Parking,QUEENS,2013-10-14 02:40:32,Posted Parking Sign Violation
Illegal Parking,QUEENS,2013-10-14 00:22:02,Commercial Overnight Parking
Illegal Parking,QUEENS,2013-10-14 00:02:47,Commercial Overnight Parking
Illegal Parking,QUEENS,2013-10-13 22:32:53,Commercial Overnight Parking
Illegal Parking,QUEENS,2013-10-13 22:28:14,Double Parked Blocking Traffic
Illegal Parking,QUEENS,2013-10-13 22:27:12,Unauthorized Bus Layover
Illegal Parking,QUEENS,2013-10-13 22:17:11,Overnight Commercial Storage
Illegal Parking,QUEENS,2013-10-13 21:58:20,Commercial Overnight Parking
Illegal Parking,QUEENS,2013-10-13 21:25:32,Posted Parking Sign Violation
Illegal Parking,QUEENS,2013-10-13 20:04:46,Blocked Hydrant
Illegal Parking,QUEENS,2013-10-13 19:11:21,Overnight Commercial Storage
Illegal Parking,QUEENS,2013-10-13 18:18:16,Double Parked Blocking Traffic
Illegal Parking,QUEENS,2013-10-13 18:17:25,Blocked Hydrant
Illegal Parking,QUEENS,2013-10-13 15:31:19,Double Parked Blocking Vehicle
Illegal Parking,QUEENS,2013-10-13 15:17:30,Blocked Sidewalk
Illegal Parking,QUEENS,2013-10-13 15:15:02,Double Parked Blocking Vehicle
Illegal Parking,QUEENS,2013-10-13 15:06:46,Blocked Sidewalk
Illegal Parking,QUEENS,2013-10-13 15:05:42,Commercial Overnight Parking
Illegal Parking,QUEENS,2013-10-13 14:37:59,Posted Parking Sign Violation
Illegal Parking,QUEENS,2013-10-13 11:07:09,Blocked Sidewalk
Illegal Parking,QUEENS,2013-10-13 10:46:47,Posted Parking Sign Violation
Illegal Parking,QUEENS,2013-10-13 10:29:46,Posted Parking Sign Violation
Illegal Parking,QUEENS,2013-10-13 10:29:33,Blocked Hydrant
Illegal Parking,QUEENS,2013-10-13 10:29:29,Posted Parking Sign Violation
Illegal Parking,QUEENS,2013-10-13 09:38:03,Posted Parking Sign Violation
Illegal Parking,QUEENS,2013-10-13 03:49:27,Commercial Overnight Parking
Illegal Parking,QUEENS,2013-10-13 02:52:05,Blocked Hydrant
Illegal Parking,QUEENS,2013-10-12 23:25:29,Overnight Commercial Storage
Illegal Parking,QUEENS,2013-10-12 23:03:36,Commercial Overnight Parking
Illegal Parking,QUEENS,2013-10-12 20:53:22,Blocked Hydrant
Illegal Parking,QUEENS,2013-10-12 20:45:40,Posted Parking Sign Violation
Illegal Parking,QUEENS,2013-10-12 20:06:17,Posted Parking Sign Violation
Illegal Parking,QUEENS,2013-10-12 19:28:34,Overnight Commercial Storage
Illegal Parking,QUEENS,2013-10-12 17:23:56,Blocked Sidewalk
Illegal Parking,QUEENS,2013-10-12 16:02:00,Commercial Overnight Parking
Illegal Parking,QUEENS,2013-10-12 15:40:19,Double Parked Blocking Traffic
Illegal Parking,QUEENS,2013-10-12 15:13:08,Double Parked Blocking Traffic
Illegal Parking,QUEENS,2013-10-11 22:34:14,Commercial Overnight Parking
Illegal Parking,QUEENS,2013-10-11 15:50:22,Blocked Sidewalk
Illegal Parking,QUEENS,2013-10-11 15:17:36,Blocked Sidewalk
Illegal Parking,QUEENS,2013-10-11 14:40:54,Posted Parking Sign Violation
Illegal Parking,QUEENS,2013-10-11 14:24:45,Commercial Overnight Parking
Illegal Parking,QUEENS,2013-10-11 13:22:41,Posted Parking Sign Violation
Illegal Parking,QUEENS,2013-10-11 13:16:14,Commercial Overnight Parking
Illegal Parking,QUEENS,2013-10-11 11:56:52,Blocked Sidewalk
Illegal Parking,QUEENS,2013-10-11 11:07:17,Posted Parking Sign Violation
Illegal Parking,QUEENS,2013-10-11 10:46:38,Posted Parking Sign Violation
Illegal Parking,QUEENS,2013-10-11 10:39:54,Posted Parking Sign Violation
Illegal Parking,QUEENS,2013-10-11 10:32:25,Posted Parking Sign Violation
Illegal Parking,QUEENS,2013-10-11 09:00:26,Blocked Sidewalk
Illegal Parking,QUEENS,2013-10-11 08:22:19,Posted Parking Sign Violation
Illegal Parking,QUEENS,2013-10-11 07:51:21,Blocked Sidewalk
Illegal Parking,QUEENS,2013-10-11 06:52:51,Overnight Commercial Storage
Illegal Parking,QUEENS,2013-10-11 03:07:22,Commercial Overnight Parking
Illegal Parking,QUEENS,2013-10-11 02:00:10,Blocked Hydrant
Illegal Parking,QUEENS,2013-10-11 00:55:26,Blocked Hydrant
Illegal Parking,QUEENS,2013-10-11 00:03:25,Blocked Hydrant
Illegal Parking,QUEENS,2013-10-10 21:40:08,Blocked Sidewalk
Illegal Parking,QUEENS,2013-10-10 20:47:31,Blocked Sidewalk
Illegal Parking,QUEENS,2013-10-10 20:35:55,Commercial Overnight Parking
Illegal Parking,QUEENS,2013-10-10 19:07:05,Detached Trailer
Illegal Parking,QUEENS,2013-10-10 19:02:45,Blocked Sidewalk
Illegal Parking,QUEENS,2013-10-10 18:31:30,Blocked Hydrant
Illegal Parking,QUEENS,2013-10-10 18:30:47,Blocked Sidewalk
Illegal Parking,QUEENS,2013-10-10 18:20:51,Posted Parking Sign Violation
Illegal Parking,QUEENS,2013-10-10 18:18:48,Blocked Sidewalk
Illegal Parking,QUEENS,2013-10-10 17:09:04,Blocked Sidewalk
Illegal Parking,QUEENS,2013-10-10 16:57:12,Overnight Commercial Storage
Illegal Parking,QUEENS,2013-10-10 16:40:50,Posted Parking Sign Violation
Illegal Parking,QUEENS,2013-10-10 16:29:10,Posted Parking Sign Violation
Illegal Parking,QUEENS,2013-10-10 16:09:23,Overnight Commercial Storage
Illegal Parking,QUEENS,2013-10-10 14:16:43,Blocked Hydrant
Illegal Parking,QUEENS,2013-10-10 13:32:53,Blocked Sidewalk
Illegal Parking,QUEENS,2013-10-10 13:32:32,Posted Parking Sign Violation
Illegal Parking,QUEENS,2013-10-10 13:26:13,Blocked Sidewalk
Illegal Parking,QUEENS,2013-10-10 13:08:32,Blocked Sidewalk
Illegal Parking,QUEENS,2013-10-10 11:41:58,Blocked Sidewalk
Illegal Parking,QUEENS,2013-10-10 11:34:48,Double Parked Blocking Vehicle
Illegal Parking,QUEENS,2013-10-10 11:22:42,Blocked Sidewalk
Illegal Parking,QUEENS,2013-10-10 11:04:52,Posted Parking Sign Violation
Illegal Parking,QUEENS,2013-10-10 10:05:38,Commercial Overnight Parking
Illegal Parking,QUEENS,2013-10-10 09:34:26,Blocked Hydrant
Illegal Parking,QUEENS,2013-10-10 07:59:50,Double Parked Blocking Traffic
Illegal Parking,QUEENS,2013-10-10 07:44:06,Commercial Overnight Parking
Illegal Parking,QUEENS,2013-10-10 06:21:45,Blocked Sidewalk
Illegal Parking,QUEENS,2013-10-10 00:10:20,Blocked Hydrant
Illegal Parking,QUEENS,2013-10-09 23:09:43,Blocked Hydrant
Illegal Parking,QUEENS,2013-10-09 23:00:42,Blocked Hydrant
Illegal Parking,QUEENS,2013-10-09 22:16:05,Commercial Overnight Parking
Illegal Parking,QUEENS,2013-10-09 21:58:56,Commercial Overnight Parking
Illegal Parking,QUEENS,2013-10-09 21:26:55,Overnight Commercial Storage
Illegal Parking,QUEENS,2013-10-09 20:10:56,Commercial Overnight Parking
Illegal Parking,QUEENS,2013-10-09 19:52:15,Blocked Hydrant
Illegal Parking,QUEENS,2013-10-09 19:45:28,Double Parked Blocking Vehicle
Illegal Parking,QUEENS,2013-10-09 19:23:10,Commercial Overnight Parking
Illegal Parking,QUEENS,2013-10-09 17:46:27,Posted Parking Sign Violation
Illegal Parking,QUEENS,2013-10-09 17:30:14,Posted Parking Sign Violation
Illegal Parking,QUEENS,2013-10-09 16:59:53,Blocked Sidewalk
Illegal Parking,QUEENS,2013-10-09 16:46:00,Overnight Commercial Storage
Illegal Parking,QUEENS,2013-10-09 16:16:57,Overnight Commercial Storage
Illegal Parking,QUEENS,2013-10-09 16:07:24,Overnight Commercial Storage
Illegal Parking,QUEENS,2013-10-09 14:55:05,Blocked Sidewalk
Illegal Parking,QUEENS,2013-10-09 14:39:24,Posted Parking Sign Violation
Illegal Parking,QUEENS,2013-10-09 13:43:01,Posted Parking Sign Violation
Illegal Parking,QUEENS,2013-10-09 12:55:10,Posted Parking Sign Violation
Illegal Parking,QUEENS,2013-10-09 12:39:58,Posted Parking Sign Violation
Illegal Parking,QUEENS,2013-10-09 12:36:56,Posted Parking Sign Violation
Illegal Parking,QUEENS,2013-10-09 12:32:47,Posted Parking Sign Violation
Illegal Parking,QUEENS,2013-10-09 12:27:04,Double Parked Blocking Vehicle
Illegal Parking,QUEENS,2013-10-09 11:16:15,Commercial Overnight Parking
Illegal Parking,QUEENS,2013-10-09 11:15:56,Unauthorized Bus Layover
Illegal Parking,QUEENS,2013-10-09 10:22:27,Commercial Overnight Parking
Illegal Parking,QUEENS,2013-10-09 10:14:49,Commercial Overnight Parking
Illegal Parking,QUEENS,2013-10-09 09:29:19,Double Parked Blocking Vehicle
Illegal Parking,QUEENS,2013-10-09 08:41:58,Blocked Hydrant
Illegal Parking,QUEENS,2013-10-09 07:32:28,Blocked Hydrant
Illegal Parking,QUEENS,2013-10-09 07:12:50,Commercial Overnight Parking
Illegal Parking,QUEENS,2013-10-09 06:45:16,Commercial Overnight Parking
Illegal Parking,QUEENS,2013-10-08 21:34:57,Blocked Hydrant
Illegal Parking,QUEENS,2013-10-08 20:11:40,Commercial Overnight Parking
Illegal Parking,QUEENS,2013-10-08 18:46:08,Blocked Sidewalk
Illegal Parking,QUEENS,2013-10-08 17:40:57,Commercial Overnight Parking
Illegal Parking,QUEENS,2013-10-08 16:59:39,Blocked Hydrant
Illegal Parking,QUEENS,2013-10-08 15:58:38,Posted Parking Sign Violation
Illegal Parking,QUEENS,2013-10-08 15:09:22,Double Parked Blocking Vehicle
Illegal Parking,QUEENS,2013-10-08 14:22:24,Posted Parking Sign Violation
Illegal Parking,QUEENS,2013-10-08 12:29:17,Posted Parking Sign Violation
Illegal Parking,QUEENS,2013-10-08 12:01:39,Posted Parking Sign Violation
Illegal Parking,QUEENS,2013-10-08 11:56:57,Double Parked Blocking Traffic
Illegal Parking,QUEENS,2013-10-08 10:58:06,Posted Parking Sign Violation
Illegal Parking,QUEENS,2013-10-08 10:58:04,Blocked Sidewalk
Illegal Parking,QUEENS,2013-10-08 09:48:43,Double Parked Blocking Traffic
Illegal Parking,QUEENS,2013-10-08 09:09:44,Detached Trailer
Illegal Parking,QUEENS,2013-10-08 08:23:17,Blocked Sidewalk
Illegal Parking,QUEENS,2013-10-08 08:09:15,Posted Parking Sign Violation
Illegal Parking,QUEENS,2013-10-08 08:07:07,Double Parked Blocking Traffic
Illegal Parking,QUEENS,2013-10-08 07:36:02,Blocked Hydrant
Illegal Parking,QUEENS,2013-10-08 01:24:25,Blocked Hydrant
Illegal Parking,QUEENS,2013-10-08 01:21:43,Posted Parking Sign Violation
Illegal Parking,QUEENS,2013-10-08 00:53:44,Blocked Hydrant
Illegal Parking,QUEENS,2013-10-07 23:30:10,Commercial Overnight Parking
Illegal Parking,QUEENS,2013-10-07 21:24:56,Detached Trailer
Illegal Parking,QUEENS,2013-10-07 20:59:42,Commercial Overnight Parking
Illegal Parking,QUEENS,2013-10-07 20:59:22,Blocked Hydrant
Illegal Parking,QUEENS,2013-10-07 19:09:34,Double Parked Blocking Traffic
Illegal Parking,QUEENS,2013-10-07 18:59:44,Posted Parking Sign Violation
Illegal Parking,QUEENS,2013-10-07 18:12:08,Posted Parking Sign Violation
Illegal Parking,QUEENS,2013-10-07 18:05:52,Blocked Hydrant
Illegal Parking,QUEENS,2013-10-07 18:03:44,Posted Parking Sign Violation
Illegal Parking,QUEENS,2013-10-07 17:44:10,Blocked Hydrant
Illegal Parking,QUEENS,2013-10-07 17:23:15,Commercial Overnight Parking
Illegal Parking,QUEENS,2013-10-07 17:11:41,Blocked Sidewalk
Illegal Parking,QUEENS,2013-10-07 16:51:31,Commercial Overnight Parking
Illegal Parking,QUEENS,2013-10-07 16:12:16,Blocked Sidewalk
Illegal Parking,QUEENS,2013-10-07 15:26:38,Posted Parking Sign Violation
Illegal Parking,QUEENS,2013-10-07 14:48:40,Commercial Overnight Parking
Illegal Parking,QUEENS,2013-10-07 14:47:32,Commercial Overnight Parking
Illegal Parking,QUEENS,2013-10-07 13:26:37,Blocked Sidewalk
Illegal Parking,QUEENS,2013-10-07 13:26:34,Blocked Hydrant
Illegal Parking,QUEENS,2013-10-07 12:05:18,Commercial Overnight Parking
Illegal Parking,QUEENS,2013-10-07 10:37:09,Posted Parking Sign Violation
Illegal Parking,QUEENS,2013-10-07 10:29:12,Posted Parking Sign Violation
Illegal Parking,QUEENS,2013-10-07 09:33:56,Overnight Commercial Storage
Illegal Parking,QUEENS,2013-10-07 09:00:13,Posted Parking Sign Violation
Illegal Parking,QUEENS,2013-10-07 08:48:17,Double Parked Blocking Traffic
Illegal Parking,QUEENS,2013-10-07 08:30:38,Blocked Hydrant
Illegal Parking,QUEENS,2013-10-07 07:49:15,Posted Parking Sign Violation
Illegal Parking,QUEENS,2013-10-07 07:41:04,Commercial Overnight Parking
Illegal Parking,QUEENS,2013-10-07 07:33:17,Blocked Sidewalk
Illegal Parking,QUEENS,2013-10-07 06:47:12,Blocked Hydrant
Illegal Parking,QUEENS,2013-10-07 03:18:45,Blocked Hydrant
Illegal Parking,QUEENS,2013-10-07 00:22:48,Blocked Sidewalk
Illegal Parking,QUEENS,2013-10-06 22:57:12,Overnight Commercial Storage
Illegal Parking,QUEENS,2013-10-06 22:16:09,Blocked Hydrant
Illegal Parking,QUEENS,2013-10-06 22:10:15,Posted Parking Sign Violation
Illegal Parking,QUEENS,2013-10-06 21:26:53,Commercial Overnight Parking
Illegal Parking,QUEENS,2013-10-06 21:18:07,Commercial Overnight Parking
Illegal Parking,QUEENS,2013-10-06 21:05:27,Posted Parking Sign Violation
Illegal Parking,QUEENS,2013-10-06 20:39:44,Blocked Sidewalk
Illegal Parking,QUEENS,2013-10-06 20:36:50,Blocked Sidewalk
Illegal Parking,QUEENS,2013-10-06 20:03:53,Commercial Overnight Parking
Illegal Parking,QUEENS,2013-10-06 19:48:09,Blocked Sidewalk
Illegal Parking,QUEENS,2013-10-06 19:42:25,Blocked Hydrant
Illegal Parking,QUEENS,2013-10-06 19:11:53,Blocked Hydrant
Illegal Parking,QUEENS,2013-10-06 16:55:07,Blocked Hydrant
Illegal Parking,QUEENS,2013-10-06 13:46:30,Commercial Overnight Parking
Illegal Parking,QUEENS,2013-10-06 13:33:10,Commercial Overnight Parking
Illegal Parking,QUEENS,2013-10-06 13:12:32,Commercial Overnight Parking
Illegal Parking,QUEENS,2013-10-06 13:04:14,Blocked Hydrant
Illegal Parking,QUEENS,2013-10-06 12:35:01,Commercial Overnight Parking
Illegal Parking,QUEENS,2013-10-06 11:56:52,Blocked Hydrant
Illegal Parking,QUEENS,2013-10-06 11:55:23,Posted Parking Sign Violation
Illegal Parking,QUEENS,2013-10-06 10:56:56,Double Parked Blocking Vehicle
Illegal Parking,QUEENS,2013-10-06 10:44:47,Blocked Hydrant
Illegal Parking,QUEENS,2013-10-06 10:40:38,Double Parked Blocking Vehicle
Illegal Parking,QUEENS,2013-10-06 10:25:21,Posted Parking Sign Violation
Illegal Parking,QUEENS,2013-10-06 10:14:54,Blocked Hydrant
Illegal Parking,QUEENS,2013-10-06 08:02:28,Blocked Hydrant
Illegal Parking,QUEENS,2013-10-06 07:28:02,Blocked Hydrant
Illegal Parking,QUEENS,2013-10-06 07:19:28,Blocked Hydrant
Illegal Parking,QUEENS,2013-10-06 07:19:21,Blocked Hydrant
Illegal Parking,QUEENS,2013-10-06 06:49:50,Blocked Hydrant
Illegal Parking,QUEENS,2013-10-06 05:24:44,Blocked Sidewalk
Illegal Parking,QUEENS,2013-10-06 04:18:21,Commercial Overnight Parking
Illegal Parking,QUEENS,2013-10-06 00:15:54,Double Parked Blocking Traffic
Illegal Parking,QUEENS,2013-10-05 23:58:23,Commercial Overnight Parking
Illegal Parking,QUEENS,2013-10-05 23:53:29,Blocked Hydrant
Illegal Parking,QUEENS,2013-10-05 23:40:35,Blocked Sidewalk
Illegal Parking,QUEENS,2013-10-05 23:33:05,Blocked Hydrant
Illegal Parking,QUEENS,2013-10-05 23:26:26,Posted Parking Sign Violation
Illegal Parking,QUEENS,2013-10-05 22:56:12,Posted Parking Sign Violation
Illegal Parking,QUEENS,2013-10-05 22:23:32,Detached Trailer
Illegal Parking,QUEENS,2013-10-05 21:55:58,Blocked Sidewalk
Illegal Parking,QUEENS,2013-10-05 21:18:23,Blocked Hydrant
Illegal Parking,QUEENS,2013-10-05 21:11:14,Commercial Overnight Parking
Illegal Parking,QUEENS,2013-10-05 20:26:25,Blocked Hydrant
Illegal Parking,QUEENS,2013-10-05 19:35:51,Blocked Hydrant
Illegal Parking,QUEENS,2013-10-05 19:12:33,Blocked Sidewalk
Illegal Parking,QUEENS,2013-10-05 18:50:09,Overnight Commercial Storage
Illegal Parking,QUEENS,2013-10-05 18:48:40,Blocked Sidewalk
Illegal Parking,QUEENS,2013-10-05 18:39:08,Commercial Overnight Parking
Illegal Parking,QUEENS,2013-10-05 18:06:38,Posted Parking Sign Violation
Illegal Parking,QUEENS,2013-10-05 17:32:57,Posted Parking Sign Violation
Illegal Parking,QUEENS,2013-10-05 17:10:11,Posted Parking Sign Violation
Illegal Parking,QUEENS,2013-10-05 15:17:29,Posted Parking Sign Violation
Illegal Parking,QUEENS,2013-10-05 14:48:18,Overnight Commercial Storage
Illegal Parking,QUEENS,2013-10-05 14:47:06,Posted Parking Sign Violation
Illegal Parking,QUEENS,2013-10-05 14:07:49,Blocked Hydrant
Illegal Parking,QUEENS,2013-10-05 13:58:08,Blocked Sidewalk
Illegal Parking,QUEENS,2013-10-05 11:30:37,Blocked Hydrant
Illegal Parking,QUEENS,2013-10-05 11:13:24,Commercial Overnight Parking
Illegal Parking,QUEENS,2013-10-05 11:07:03,Blocked Hydrant
Illegal Parking,QUEENS,2013-10-05 10:34:03,Blocked Sidewalk
Illegal Parking,QUEENS,2013-10-05 09:21:11,Posted Parking Sign Violation
Illegal Parking,QUEENS,2013-10-05 08:45:27,Posted Parking Sign Violation
Illegal Parking,QUEENS,2013-10-05 07:38:56,Blocked Hydrant
Illegal Parking,QUEENS,2013-10-05 06:44:30,Commercial Overnight Parking
Illegal Parking,QUEENS,2013-10-05 05:50:46,Double Parked Blocking Traffic
Illegal Parking,QUEENS,2013-10-05 05:04:59,Double Parked Blocking Traffic
Illegal Parking,QUEENS,2013-10-05 02:58:07,Blocked Hydrant
Illegal Parking,QUEENS,2013-10-05 02:24:12,Commercial Overnight Parking
Illegal Parking,QUEENS,2013-10-05 00:52:15,Blocked Sidewalk
Illegal Parking,QUEENS,2013-10-05 00:40:05,Blocked Hydrant
Illegal Parking,QUEENS,2013-10-04 23:27:51,Commercial Overnight Parking
Illegal Parking,QUEENS,2013-10-04 22:07:15,Double Parked Blocking Traffic
Illegal Parking,QUEENS,2013-10-04 21:51:25,Posted Parking Sign Violation
Illegal Parking,QUEENS,2013-10-04 21:36:35,Posted Parking Sign Violation
Illegal Parking,QUEENS,2013-10-04 21:25:48,Blocked Hydrant
Illegal Parking,QUEENS,2013-10-04 21:02:25,Commercial Overnight Parking
Illegal Parking,QUEENS,2013-10-04 20:59:20,Blocked Hydrant
Illegal Parking,QUEENS,2013-10-04 19:16:08,Blocked Hydrant
Illegal Parking,QUEENS,2013-10-04 18:58:05,Commercial Overnight Parking
Illegal Parking,QUEENS,2013-10-04 18:38:41,Blocked Sidewalk
Illegal Parking,QUEENS,2013-10-04 17:39:03,Overnight Commercial Storage
Illegal Parking,QUEENS,2013-10-04 17:34:33,Overnight Commercial Storage
Illegal Parking,QUEENS,2013-10-04 17:27:15,Overnight Commercial Storage
Illegal Parking,QUEENS,2013-10-04 17:03:01,Double Parked Blocking Vehicle
Illegal Parking,QUEENS,2013-10-04 16:52:30,Double Parked Blocking Vehicle
Illegal Parking,QUEENS,2013-10-04 16:15:02,Posted Parking Sign Violation
Illegal Parking,QUEENS,2013-10-04 16:11:04,Double Parked Blocking Traffic
Illegal Parking,QUEENS,2013-10-04 15:09:22,Posted Parking Sign Violation
Illegal Parking,QUEENS,2013-10-04 14:38:10,Blocked Sidewalk
Illegal Parking,QUEENS,2013-10-04 14:09:35,Double Parked Blocking Traffic
Illegal Parking,QUEENS,2013-10-04 13:48:46,Double Parked Blocking Traffic
Illegal Parking,QUEENS,2013-10-04 13:26:18,Blocked Hydrant
Illegal Parking,QUEENS,2013-10-04 13:16:58,Blocked Sidewalk
Illegal Parking,QUEENS,2013-10-04 13:07:18,Blocked Sidewalk
Illegal Parking,QUEENS,2013-10-04 10:01:14,Blocked Sidewalk
Illegal Parking,QUEENS,2013-10-04 09:49:38,Posted Parking Sign Violation
Illegal Parking,QUEENS,2013-10-04 08:42:15,Double Parked Blocking Traffic
Illegal Parking,QUEENS,2013-10-04 08:29:54,Posted Parking Sign Violation
Illegal Parking,QUEENS,2013-10-04 07:58:45,Blocked Sidewalk
Illegal Parking,QUEENS,2013-10-04 07:34:32,Posted Parking Sign Violation
Illegal Parking,QUEENS,2013-10-04 05:35:03,Blocked Hydrant
Illegal Parking,QUEENS,2013-10-04 01:32:20,Commercial Overnight Parking
Illegal Parking,QUEENS,2013-10-04 01:08:14,Overnight Commercial Storage
Illegal Parking,QUEENS,2013-10-04 00:28:01,Commercial Overnight Parking
Illegal Parking,QUEENS,2013-10-04 00:13:08,Posted Parking Sign Violation
Illegal Parking,QUEENS,2013-10-04 00:01:05,Posted Parking Sign Violation
